employee_id,name,email
1,Gregory Patel,kathleen29@example.net
2,Amanda Brown,bakerkenneth@example.org
3,Roberto Fry,cjordan@example.net
4,Terri Manning,richardsonzachary@example.org
5,Charles Rivas,berryheidi@example.org
6,Sandy Martinez,jrobinson@example.com
7,Amanda Thompson,jamieperez@example.net
8,Timothy Roach,emilygreen@example.net
9,Michael Williams,gpadilla@example.com
10,Joseph Smith,zhangchristopher@example.com
11,Sharon Roberts,iturner@example.net
12,Phillip Cline,gregorysanders@example.net
13,Samantha Smith,hunter14@example.org
14,Robert Norris,joelmartinez@example.com
15,Alexander Long,david10@example.org
16,Dr. James Cox,chenmarc@example.org
17,Carolyn Cannon,dorothy73@example.org
18,Seth Moon,chelsea03@example.org
19,Kelly Haas,bridget92@example.org
20,Kelli Ramirez,hayeskenneth@example.com
21,Valerie Moore,castilloheather@example.com
22,Patrick Cole,mejialaura@example.org
23,Angela Holder,bellmargaret@example.net
24,Danielle Francis,paul13@example.org
25,Craig Winters MD,ichen@example.org
26,Jennifer Wright,nbrooks@example.com
27,Ryan Tapia,costaalexandria@example.net
28,John Ford,martin79@example.org
29,Tyler Coleman,travis35@example.net
30,John Gregory,jennifermatthews@example.org
31,Lori Simmons,devin08@example.net
32,Alexandra Small,amills@example.org
33,Allison Thomas,hubbarddavid@example.net
34,Hayden Hudson,newmanbrandi@example.com
35,Alexa Gomez,lorifowler@example.com
36,Regina Bridges,ryanmendoza@example.com
37,Kenneth Gray,amberguzman@example.com
38,Alejandro Hudson,wilsonpaula@example.com
39,Emily Young,vsmith@example.net
40,Kenneth Gardner,lisabooker@example.com
41,Susan Ballard,anndean@example.org
42,Patricia Robinson,davisjeffrey@example.net
43,Seth Myers,matthewkelly@example.org
44,Edward Davis,jennifercaldwell@example.com
45,David Carpenter,michael61@example.org
46,Jeffrey Boyd,zbrewer@example.com
47,Sara Schaefer,flevy@example.net
48,Alexandra Barr,courtneyrobertson@example.org
49,Angela Bradley DVM,romeroaustin@example.org
50,Lisa Hernandez,vball@example.com
51,Gary Ruiz,austinkim@example.org
52,Anthony Perry,kpatrick@example.net
53,Kim Schroeder,thompsontammy@example.net
54,Kathy Richmond,robertprice@example.com
55,Gina Hensley,kimberlyjimenez@example.com
56,Stephanie Jones,ycaldwell@example.com
57,Alexis Gonzalez,taylor90@example.org
58,Sean Deleon,bblack@example.net
59,Helen Morales,jason13@example.net
60,Robert Williams,stanleymichelle@example.net
61,Stacy Brown,millerbrittany@example.com
62,Mary Ross,ssexton@example.net
63,Dr. Heather Smith,bglover@example.com
64,April Barrera,antoniomiller@example.com
65,Amy Dominguez,kingjason@example.org
66,Walter White,rpitts@example.com
67,Justin Garcia,npoole@example.com
68,James Herrera,benjaminperkins@example.net
69,Luis Lewis,wjones@example.org
70,Kim Robles,jdominguez@example.net
71,Todd Green,louisalvarez@example.com
72,Jamie Sheppard,rogerschaefer@example.net
73,Brandon Gray,pfischer@example.net
74,Grant Rose,rcarey@example.net
75,Gregory Calhoun,fhutchinson@example.net
76,Sara Gardner,xjacobs@example.org
77,Carrie Greer,larsenmichael@example.com
78,Cole Mills,clifford69@example.com
79,William Hernandez,cruzemily@example.com
80,Kristi Taylor,stephaniemorton@example.com
81,Joshua Boone,aaron62@example.org
82,Victoria Murphy,robyn08@example.net
83,Laura Mcdonald,monica00@example.com
84,Clayton Johnston,davidfreeman@example.com
85,Derek Mercado,theresahall@example.net
86,Kenneth White,cwilcox@example.org
87,Eugene Gonzalez,thomasstewart@example.org
88,Edward Bonilla,yalvarado@example.com
89,Randall Cole,latoya28@example.net
90,Kenneth Harris,torressteve@example.net
91,Rachel Colon,juan12@example.com
92,Donald Patrick,kayla18@example.com
93,Drew Green,dustin54@example.com
94,Andrew Sawyer,greenenicole@example.net
95,Martin Ritter,lisabryant@example.org
96,Erin Gordon,zmendoza@example.net
97,Cynthia Johnson,patriciasimpson@example.net
98,Jonathan Nelson,obryant@example.com
99,Robert Diaz,brittany61@example.com
100,Daisy White,susan50@example.net
101,Julia Lee,uward@example.net
102,Kathryn Miranda,zavalahenry@example.com
103,Evan Bailey,robertperez@example.org
104,Heather Saunders,cmcintosh@example.org
105,Michelle Peck,brent68@example.com
106,Valerie Barrett,johnsongabriella@example.org
107,Dustin Hutchinson,dbaker@example.com
108,Christopher Harris,krystal91@example.net
109,Kristen Hughes,zstephenson@example.net
110,Richard Myers,reyesdevin@example.org
111,Vanessa Simmons,victoria20@example.com
112,Mark Davis,sgoodman@example.com
113,Jason Little,ferrellsheila@example.net
114,Nicole Pollard,uleon@example.net
115,Darius Johnson,michellegalvan@example.net
116,Carol Briggs,vaughntommy@example.net
117,Michael Holloway,xdeleon@example.net
118,Janet Phillips,marshalldominique@example.net
119,Brent Espinoza,karilawson@example.org
120,Eric Zamora,shahtammy@example.net
121,Dwayne Weaver,sandraallen@example.net
122,Mark Coleman,hartvanessa@example.org
123,Jackson Manning,longmargaret@example.com
124,Mark Smith,pamelaalvarez@example.org
125,Kathryn Knight,erika24@example.com
126,Stephen Murphy,angelapacheco@example.net
127,Mr. Jeremy Smith,travis30@example.com
128,Brittney Hall,brandon74@example.com
129,Maria Frey,chapmanjennifer@example.org
130,Elizabeth Lewis,gwallace@example.org
131,John Shepard,stephenmiller@example.net
132,James Chen,elizabethperez@example.com
133,Ann Brooks,rebecca76@example.org
134,James Black,joel71@example.net
135,Yvette Joseph,ralph60@example.com
136,Brittany Ray,pmathews@example.com
137,Stefanie Bradshaw,hawkinsjohn@example.org
138,Kimberly Wilson,lisacole@example.net
139,Anthony Hines,austin18@example.org
140,Jacob Beasley,april77@example.org
141,Gabriel Sanchez,eramirez@example.com
142,Joseph Farrell,richardserrano@example.com
143,David Frank,lisa00@example.com
144,April Wright,debrashepherd@example.org
145,Gabriel Gordon,alexa80@example.com
146,Bryan Rios,nicholas24@example.net
147,Karen Foster,fishercarrie@example.com
148,Frank Estrada,lunatabitha@example.com
149,William Reynolds,grant30@example.net
150,Ryan Barker,coxapril@example.org
151,Mrs. Sara Robinson,erikbean@example.org
152,Tamara Castillo,michaelsmith@example.org
153,Mark Perry,gonzalesangela@example.net
154,Amanda Sanford,jamesjohnson@example.org
155,Isabella Garcia,ortizkatrina@example.org
156,Kristen Avery,jeffrey96@example.org
157,Donald Diaz,larsondanny@example.net
158,Katherine Wong,jasonjohns@example.org
159,Lauren Ramirez,gbrown@example.org
160,Heather Eaton,kaitlyn45@example.net
161,Kathryn Hill,kimberlybrewer@example.net
162,Evelyn Mason,rblack@example.org
163,Thomas Smith,haydengomez@example.net
164,Tracy Massey,wgrant@example.org
165,Adrienne Palmer,ffox@example.org
166,Ashlee Owens,duncandaniel@example.net
167,Samantha Mendoza,michael17@example.org
168,Emily Ramirez MD,kgibson@example.net
169,William Jones,tommyford@example.net
170,Robert Copeland,tyronehenderson@example.net
171,Trevor Terry,susanedwards@example.org
172,Jose Brown,brendan94@example.org
173,Jacob Harris,robertblankenship@example.com
174,Zachary Vazquez,snavarro@example.com
175,Paul Walter,flopez@example.org
176,Pamela Martinez,ryan93@example.com
177,Kevin Roach,scottrandall@example.com
178,Toni Jensen,qallen@example.org
179,Daniel Skinner MD,esimon@example.org
180,Courtney Diaz,melissaelliott@example.org
181,Anthony Bryant,lisaortega@example.com
182,Kelly Fleming,mortonnancy@example.net
183,Gary Adams,donnamunoz@example.net
184,Michael Anthony,browntracy@example.net
185,Jeremy Hart,johnwalter@example.net
186,Krista Farrell DDS,robert68@example.net
187,Sarah Walsh,manuel83@example.com
188,Peggy Hall,linda30@example.net
189,Brenda Reyes,angela18@example.net
190,Ethan Francis,cruzheather@example.com
191,Daniel Roberts,mary66@example.com
192,Angela Curry,jpalmer@example.com
193,Richard Phillips,ckrueger@example.net
194,Jason Palmer,franklinmicheal@example.org
195,Michelle Jordan,villarrealdavid@example.net
196,Michael Mitchell,joy18@example.org
197,Wanda Hill,craig76@example.net
198,Katelyn Palmer,nelsontyrone@example.org
199,Theresa Watson,davenportmolly@example.org
200,Vincent Cox,gsmith@example.net
201,Caitlin Wheeler,ritaguerra@example.net
202,Carrie Hurst,hughesjenna@example.com
203,Matthew Estes,anthony61@example.net
204,Paul Graham,jamesandrew@example.com
205,Savannah Jones,marksmith@example.net
206,Michael Steele,ejohnson@example.com
207,Mark Rodriguez,floreschristopher@example.org
208,Carolyn Robles,davisraymond@example.org
209,Kathryn Brown,debrataylor@example.org
210,Gabriel Hoffman,taylorthomas@example.org
211,John Williams,michael37@example.com
212,Brenda Wu,rmanning@example.com
213,Heather Daniels,amorales@example.org
214,Jasmine Monroe,marypugh@example.net
215,Christina Costa,xduncan@example.org
216,Denise Mercado,xparker@example.org
217,Eric Parker,calderonconnie@example.org
218,Mark Gordon,edwinstephens@example.net
219,Erin Johnson,spencer54@example.com
220,Mr. Seth Brown,julie82@example.com
221,Tyler Riggs,traviskayla@example.net
222,Christian Bailey,christinelopez@example.com
223,Thomas Hall,lee78@example.org
224,Susan Ellis,xscott@example.net
225,Patrick Jones,adambishop@example.net
226,Edward Russo,nelsonkristen@example.com
227,William Diaz,fergusonjean@example.org
228,David Bailey,alexanderbyrd@example.net
229,Thomas Anderson,rebecca36@example.net
230,Mr. Jack Smith,marshalltimothy@example.com
231,Michael Smith,ryan34@example.net
232,John Manning,klarson@example.org
233,Daniel Benson,stricklanddominique@example.com
234,James Clark,bradley09@example.net
235,Belinda Andrade,ibrown@example.net
236,Renee Rose,mcintyreryan@example.net
237,Isabel Parker,michael24@example.com
238,Amy Allison,sean31@example.org
239,Julian Bowers,tholland@example.com
240,Anna Gardner,matthew96@example.org
241,Stacey Smith,ericgilmore@example.net
242,Sean Powell,ryanbates@example.net
243,Michael Davis,morgan81@example.com
244,Diana Patel,tannerlisa@example.com
245,Julie Castro,marycollins@example.org
246,Jacob Ruiz,stacywade@example.org
247,Renee Rosales,john47@example.net
248,Marissa Ross,deborah65@example.org
249,Sarah Erickson,aperry@example.net
250,Rachel King,austin42@example.com
251,Amy Weeks,stephenduncan@example.net
252,Mary Sanchez,baileykeith@example.org
253,Roberto Brown DDS,ppeters@example.com
254,Katherine Kane,danielwhite@example.net
255,Michael Smith,seth74@example.org
256,Amy Hill,colemichael@example.com
257,Kelsey Roberts,xblackwell@example.org
258,Bryan Scott,gherrera@example.net
259,Tiffany Cook,julian47@example.net
260,Anna Davis,kennethromero@example.org
261,Sabrina Blanchard,claycynthia@example.net
262,Pamela Russell,tcombs@example.com
263,Jessica Ross,joehernandez@example.org
264,Nathan Thomas,khayes@example.org
265,Alexander Ford,robertalvarez@example.org
266,Leah Williams,michelegreene@example.com
267,Jason Guerrero,tarasantana@example.net
268,Donald Perkins,johnsonkristen@example.net
269,Mark Haas,hannahmartinez@example.net
270,Kaylee Dean,jennifer51@example.org
271,Jennifer Jones,john72@example.org
272,Paul Vazquez,dicksondana@example.org
273,Louis Richard,xsanchez@example.org
274,Robert Hernandez,chaselisa@example.com
275,Gary Woodard,townsendjill@example.org
276,Lindsay Ayers,brooksmason@example.org
277,Samantha Humphrey,esoto@example.com
278,Maria Winters,wagnerisabel@example.net
279,Gloria Jackson,kristin75@example.net
280,Jacqueline Sims,christopher33@example.com
281,Gina Davis,markburke@example.org
282,Jermaine Martin,acook@example.com
283,Amber Washington,colenicole@example.com
284,Peter Mercer,sarahnguyen@example.net
285,Becky Watkins,jessica79@example.net
286,Kathleen Salazar,brandon05@example.net
287,Jennifer Vasquez MD,danielstein@example.org
288,Sean Rocha,christopher00@example.org
289,Rebecca Brown,martinezrachel@example.net
290,Jacqueline Middleton,jenniferstevens@example.org
291,Christina James,cherylreyes@example.com
292,Mariah Smith,davisbrian@example.org
293,Stephen Cook,lauraherrera@example.com
294,Tammy Hernandez,karen90@example.org
295,Calvin Hernandez,william55@example.net
296,Joseph Juarez,ztorres@example.net
297,Brittany Myers DDS,devon40@example.com
298,Meghan Williams,trevorsanchez@example.com
299,Brenda Anderson,justinschaefer@example.net
300,Samantha Bennett,jeremymarsh@example.org
301,Mr. Brett Cook,rchase@example.net
302,Daniel Cuevas,kerrichang@example.com
303,Sara Mayo,abbottteresa@example.net
304,Theresa Gill,ronaldmalone@example.net
305,Christopher Gonzales,michele69@example.com
306,Andrea Turner,jamiechristensen@example.net
307,John Miller,wmullins@example.com
308,Douglas Rivera,fwilliams@example.com
309,Heather Smith,rhooper@example.net
310,Kenneth Watts,amy37@example.org
311,Dr. George Lloyd MD,carrollnathan@example.net
312,Thomas Ryan,angelahoffman@example.net
313,Dustin Powell,afloyd@example.net
314,Benjamin King,lcollier@example.net
315,Shawn West,melissasmith@example.net
316,Mark Hines,bentleydana@example.net
317,Melissa Morrison,david22@example.org
318,Cassidy Cochran,ajohnson@example.net
319,Debra Figueroa,yangrebecca@example.org
320,Jill Jones,frazierjamie@example.net
321,Jerry Franklin,hillkevin@example.com
322,Kiara Garrett,martin27@example.com
323,Charles Kennedy,jessemcgee@example.net
324,Kathy Kirby,oaguilar@example.org
325,Andrew Chandler,egolden@example.com
326,Jonathan Black,zking@example.org
327,Christopher Alvarez,jerry27@example.net
328,Michael Foster,robertrobinson@example.org
329,Mrs. Pamela Gutierrez PhD,troy00@example.org
330,John Price III,sbrown@example.org
331,Keith Gray,stronghector@example.com
332,Patrick Cole,monica70@example.com
333,Kaitlin Fuentes,chadtucker@example.net
334,Marissa Smith,john57@example.com
335,Sharon Hayden,zimmermanalfred@example.net
336,Chad Wells,jacqueline23@example.com
337,Christy Barnes,bmiller@example.net
338,Jessica Henry,ssmith@example.net
339,Aaron Thomas,brian09@example.net
340,Kristin Luna,smithjohnathan@example.org
341,Glenn Brooks,marquezblake@example.net
342,James Smith,chennatalie@example.com
343,Susan Floyd,andre77@example.com
344,Raymond Brown,onielsen@example.com
345,Ryan Rios,nathanielburns@example.org
346,Jennifer Hensley,brandonstone@example.net
347,Daniel Watts,daniellehoward@example.org
348,James Shea DVM,pjones@example.com
349,Christopher Lynch,normanjohn@example.org
350,Anthony Palmer,pfletcher@example.org
351,Ethan Arnold,qfrench@example.net
352,Michael Mccann,debra78@example.org
353,Cassandra Moody,kimberly21@example.com
354,Dana Smith,kelsey04@example.com
355,Jeremiah Parker,wthompson@example.org
356,Kim Herrera,smithfrank@example.com
357,Angela Perkins,stonejessica@example.org
358,Joel Carter,gregoryjohnson@example.net
359,Brian Alexander,bsparks@example.org
360,Cheryl Morris,rpark@example.com
361,Matthew Jones,marisa14@example.net
362,Renee Lambert,connorwilson@example.net
363,Robert Cobb DVM,nwong@example.org
364,Lisa Kelly,qpeterson@example.net
365,Robert Jenkins,doylesharon@example.com
366,Julie Martinez,clarkbrian@example.com
367,Kimberly Hart,nancystephenson@example.com
368,Cindy Mays,mortonmicheal@example.net
369,Tina Mitchell,johnsonalexandra@example.com
370,Christina Robertson,briancharles@example.com
371,Brent Taylor,dmartin@example.org
372,Timothy Moreno,zlee@example.net
373,Travis Burns,rlopez@example.net
374,Jared Johnson,margaretford@example.com
375,Karen Davis,annaroth@example.org
376,John Schneider,andrea92@example.net
377,Jason Miller,foxdavid@example.org
378,Richard Taylor,christina57@example.net
379,Steven Morales,bradley43@example.org
380,Dawn Long,acox@example.net
381,Michael Watson,qpatel@example.net
382,Gary Walters,scotttravis@example.net
383,Marc Pugh,tinaking@example.net
384,Malik Randolph,sarah24@example.net
385,Levi Butler,mark85@example.org
386,Clinton Walker,randallhuang@example.net
387,Cynthia Houston,jessica42@example.net
388,Sarah Coleman,cgeorge@example.com
389,Michael Miller,georgeconner@example.org
390,Shane Preston,michael09@example.net
391,Stacy Rowe,louismejia@example.net
392,Michael Castro,david39@example.org
393,Eric Spence,mjones@example.net
394,David Hawkins,combsdiane@example.net
395,Kevin Mullins,tclark@example.com
396,Jeffrey Ponce,hatfieldmelanie@example.org
397,Amanda Ingram,weeksmolly@example.net
398,Patricia Johnson,simmonsamy@example.org
399,Heather Kelly,jeffery19@example.net
400,James Villarreal,karen21@example.com
401,Tammy Nelson,jennifer38@example.net
402,Gina Taylor,aaronbrown@example.org
403,Travis Brooks,nburton@example.net
404,Michael Warren,laurabryant@example.org
405,Teresa Smith,kennethhurley@example.org
406,Mr. Kenneth Fischer,lcarter@example.org
407,Jose Baird,kyle22@example.com
408,Jeremy Gates,meghangregory@example.org
409,John Hernandez,nataliemartinez@example.com
410,Debra Martinez,wagnertimothy@example.net
411,Cody Rodriguez,jennifer02@example.net
412,Marcus Melendez,tracy54@example.com
413,Timothy Castillo Jr.,matthew01@example.com
414,Andrea Cooper,anthonymoore@example.net
415,Drew Green,wadeaustin@example.com
416,Deanna Barrett,mholden@example.net
417,Jason Anderson,valvarez@example.org
418,Doris Williams,carol21@example.com
419,Kara Herrera,medinadeanna@example.org
420,Janet Brown,cwatson@example.org
421,Allen Sellers,annsmith@example.com
422,Angela Martinez,williamschristian@example.org
423,Kathleen Davis,kathleenfrederick@example.net
424,Sarah Stephens,ndonaldson@example.org
425,Derek Anderson,padillacarlos@example.org
426,Cynthia Barker,morrisonerin@example.com
427,Thomas Ramirez,pattersonjeffrey@example.org
428,Nicole Suarez,kmanning@example.net
429,Mr. Anthony Morales,parksdebra@example.org
430,John Anderson,wrobinson@example.com
431,Matthew Wade MD,nrobinson@example.com
432,Justin Gay,dennis17@example.com
433,Matthew Price,reynoldsdavid@example.net
434,Isaac Nguyen,vargasscott@example.net
435,Sydney Wilson,alyssa00@example.com
436,Joseph Greene,gnielsen@example.com
437,John Mcdaniel,hannah35@example.com
438,Sonya Lane,michael63@example.org
439,Donna Phillips,devans@example.net
440,Heidi Henry,lorettahess@example.net
441,William Robinson,peterdudley@example.net
442,Tabitha Bartlett,johnstonashley@example.com
443,Erik Mcgrath,jameshernandez@example.org
444,Michael Mills,njohnson@example.com
445,Karen Santiago,rachel62@example.com
446,Jessica Mann,jasonmccann@example.net
447,Christine Byrd,michael42@example.net
448,Robert King,dharmon@example.org
449,Andrew Madden,kevin47@example.org
450,Rodney Rollins,edwardoliver@example.net
451,David Hayes,carterdavid@example.net
452,Sean Henderson,richardsadam@example.org
453,Tanya Gray,tammy92@example.org
454,Jessica Thompson,sylvia38@example.com
455,Daniel Hill,cunninghammatthew@example.net
456,Jeffrey Rivera,burnslindsey@example.org
457,Gary Myers,mercadomary@example.org
458,Nicholas Mejia,pbentley@example.org
459,Jennifer White,savannah66@example.org
460,Scott Pena,coxsteven@example.net
461,Lawrence Moore,johnsonterrence@example.net
462,Steve Taylor,aprice@example.com
463,Benjamin Armstrong,john37@example.org
464,Paul Wiley,leachdonna@example.org
465,Garrett Garza,nguyenernest@example.net
466,Eric Richardson,joannebryant@example.org
467,Michele Garrett,mooncole@example.org
468,Joseph Hill,mchambers@example.net
469,Victoria Nguyen,rgarcia@example.org
470,Thomas Smith,darmstrong@example.net
471,Heather Woods,garciajeffrey@example.net
472,Samuel Patel,jeanparsons@example.com
473,Jenny Hansen,joshuacoleman@example.org
474,Susan Carey,vanessaanderson@example.net
475,Taylor Martinez,daviesbrian@example.com
476,Aaron Lewis,vthomas@example.net
477,Sonya Allen,cynthia40@example.net
478,Jennifer Holland,kristen84@example.net
479,Jose Griffin,kimberlyyates@example.com
480,Sean Waller,jacqueline10@example.org
481,Charlotte Jacobs,fletchervalerie@example.com
482,Nathaniel Jackson,hopkinsmichael@example.org
483,Jonathan Singh,downslisa@example.net
484,Dr. Kelsey Wright,hmoore@example.net
485,Lisa Nguyen,fcherry@example.com
486,Nathan Miller,russelljames@example.org
487,Alexis Collins DDS,jennifercastillo@example.com
488,James Reynolds,smithjuan@example.net
489,Lisa Martin,nbates@example.org
490,Ashley Marshall,pandrews@example.org
491,Victor Welch,ucastro@example.org
492,Paula Young,duanewalker@example.com
493,Raymond Jackson,bakerangela@example.net
494,Mary Fisher,aviladavid@example.net
495,Kristin Smith,parkmichael@example.net
496,Emma Burgess,cannonkatherine@example.net
497,Jeffrey Smith,jenniferdavila@example.org
498,Michael Jones,scottcurtis@example.net
499,Christie Kim,jeremy33@example.com
500,Jessica Odom,rroberts@example.com
501,Angela Willis,mcphersonjanet@example.com
502,Cynthia Gonzalez,robertsonmargaret@example.net
503,Brenda Mendoza,brian42@example.net
504,Jonathan Matthews,erin95@example.net
505,Cassandra Harper,christophercarney@example.com
506,Anthony Rivera,jhester@example.org
507,John Brown,lindseyjoseph@example.net
508,William Reid,rhernandez@example.net
509,Cindy Todd,anthony67@example.org
510,Sandy Cantrell,kbell@example.com
511,Tara Holland,robertgonzalez@example.net
512,Alan Duncan,kevinnash@example.com
513,Ruben Wallace,georgegray@example.net
514,Peter Paul,thompsonvincent@example.com
515,Kristina Smith,tylercole@example.org
516,Aaron Powers,jenniferburnett@example.com
517,Michelle Chavez,lambertrhonda@example.org
518,Danielle Ramirez,brianna60@example.org
519,Audrey Holloway,justin02@example.org
520,Donald Elliott,james53@example.net
521,Samantha Jones,volson@example.org
522,Jeffrey Downs,cthomas@example.net
523,Brandy Jordan,robertstroy@example.com
524,Molly Fleming,sharoncoleman@example.net
525,Shirley Townsend,katrinarodriguez@example.net
526,Katherine Wilson,wclarke@example.com
527,Larry Schwartz,travisarroyo@example.net
528,Javier Johnson,bergerconnor@example.net
529,Erik Roach,morrisonvalerie@example.com
530,William Welch,michael88@example.com
531,Katherine Green,david88@example.org
532,Mrs. Lisa Chavez DVM,jessicabrowning@example.com
533,Deborah Farmer,hayesstephanie@example.net
534,Erik Richards,smithandrew@example.org
535,Samantha Taylor,xharper@example.net
536,Joshua Morris,emily88@example.org
537,Wendy Walker,xlara@example.com
538,Christopher Cox,johnnyescobar@example.net
539,Nancy Cook,evelynbowen@example.org
540,Angela Freeman,uwilliams@example.org
541,Jordan Neal,fernandezdawn@example.net
542,David Parker,campbellbrianna@example.org
543,Pamela Gonzales,mcclaindaniel@example.org
544,Amber Reynolds,gregoryhunter@example.net
545,Jeremy Brown,toniwilliams@example.com
546,Kimberly Little,mbarron@example.com
547,Andrew Steele,patrick23@example.com
548,Douglas Hebert,maddendavid@example.org
549,Dawn Hall,jameselizabeth@example.net
550,Michelle Mccoy,mary35@example.org
551,Brian Wagner,tcalhoun@example.org
552,David Clark,judithhart@example.net
553,Eric Meyer,taylorkelly@example.net
554,Colin Moyer,pricemelissa@example.com
555,Wanda Lewis,krogers@example.net
556,Kirsten Jefferson,cookjulie@example.net
557,Donna Payne,rodriguezryan@example.net
558,Tim Wagner,hfranklin@example.com
559,Amber Dawson,tyoung@example.net
560,Miss Brenda Hays,coxerika@example.com
561,Ernest Boyer,michelle07@example.net
562,Joseph Jones,gjohnson@example.org
563,Michelle Benjamin,mgallegos@example.org
564,Deborah Smith,eatontracy@example.org
565,Michele Watson,kthomas@example.org
566,Sean Huff,castrolauren@example.com
567,Timothy Hughes,jeremiah73@example.org
568,Marissa Dennis,jennifer14@example.net
569,Jared Matthews,nmiller@example.com
570,Jeremiah Cortez,veronica84@example.com
571,Tyler Davis,kmorgan@example.com
572,Cheryl Grant,michaelwilliams@example.org
573,Anthony Wong,palmergary@example.net
574,John Williams,kcook@example.org
575,Mark Parker,vstevenson@example.org
576,Caitlin Jones MD,amorrison@example.net
577,Benjamin Owens,beverlyrichardson@example.com
578,Samuel Cox,vscott@example.com
579,Steven Franklin,jennifer87@example.org
580,Taylor Lawrence,ywallace@example.org
581,Ian Gonzalez Jr.,aparsons@example.com
582,Linda West,henry60@example.com
583,Christopher Smith,gchan@example.org
584,Tyler Perez,bowenrenee@example.com
585,Anna Conley,olivia56@example.org
586,Jeffrey Vazquez,xsutton@example.org
587,Allison Thomas,jon43@example.com
588,Rebecca Turner,joan14@example.com
589,Carolyn Edwards,jennifer58@example.net
590,Jessica Diaz,sarah13@example.com
591,Lisa Johnson,jacobmoody@example.net
592,Michael Atkins,howardallison@example.com
593,Bonnie Richardson,tiffanysanders@example.net
594,Megan Kline,hawkinsangel@example.org
595,Alexis Contreras,diane93@example.org
596,Richard Moore,linda82@example.org
597,Russell Smith,theresa59@example.org
598,Angela Harrison,rowedylan@example.org
599,John Rowland,patelmelinda@example.com
600,Eric Freeman,cherylevans@example.org
601,Cameron Jackson,smithsylvia@example.net
602,Joshua Villegas,mjohnson@example.com
603,Brandon Abbott,fredericknorton@example.net
604,Christopher Lopez,vhicks@example.net
605,Stephen Edwards,reneejohnson@example.org
606,Melissa Lambert,lopezmitchell@example.net
607,Lawrence Scott,richardcobb@example.net
608,Dr. Richard Curtis,donnareed@example.com
609,John Richards,huffantonio@example.org
610,Whitney Sullivan,yarias@example.org
611,Bryan Bryant MD,jared13@example.com
612,James Silva,allengray@example.org
613,Ethan Lopez,susangarcia@example.org
614,Mary Rosario,youngalicia@example.org
615,Brian Williams,klong@example.net
616,Monica Avery,madeline30@example.com
617,Jennifer Cooper,bdavis@example.com
618,Daniel Floyd,zlong@example.org
619,Patricia Beck,kaylaclark@example.com
620,Laura Jacobson,caseydonna@example.com
621,David Gonzalez,meghan98@example.net
622,Linda Vargas,upatterson@example.org
623,Kelsey Butler,veronicadixon@example.net
624,Anna Mcconnell,benjamin39@example.org
625,Kimberly Bruce,michelle99@example.net
626,Diane Krause,loganallen@example.net
627,John Taylor,angela90@example.com
628,Susan Guerrero,jaguilar@example.org
629,Justin Brown,spineda@example.com
630,Michael Chan,shiggins@example.org
631,Gregory Moore,kwarren@example.com
632,James Bradshaw,perrymargaret@example.org
633,Jonathan Boone,lauracarroll@example.org
634,Tracy Berger,alicianavarro@example.net
635,Susan Olson,ohenderson@example.net
636,James Gordon,robert49@example.org
637,Rick Foster,gregoryspencer@example.com
638,Michelle Cohen,denise83@example.net
639,Mr. Antonio Garcia DDS,mduncan@example.com
640,Lindsay Barry,psingh@example.com
641,Ashlee English,icooley@example.org
642,Raymond Wilson,kellywilliams@example.net
643,Emily Banks,fguerrero@example.org
644,Ryan Alexander,jcardenas@example.net
645,Jason Hoover,gordondylan@example.com
646,Bruce Alexander,alexandrabutler@example.org
647,Jennifer Bryant,david98@example.net
648,Scott Wilson,michelle25@example.org
649,Angela Davis,jorge42@example.net
650,Kenneth Kim,james07@example.net
651,Monica Wright,susan28@example.org
652,Joshua Serrano,joshuataylor@example.net
653,Austin Mcconnell,barkerdanielle@example.com
654,Randy Salazar,timothydavis@example.org
655,Ana Morris,larajacob@example.org
656,Cody Lara,mitchell39@example.org
657,Jacqueline Olson,johnsonwanda@example.com
658,Jeffrey Moran,brianna91@example.com
659,Aaron Velasquez,fmercer@example.com
660,Donald White,johnclay@example.org
661,James Charles,elong@example.com
662,William Ortega,ralphwatson@example.com
663,Laura Rich,flee@example.net
664,Jose Gomez,clarklance@example.com
665,Lauren Coleman,whiteandrew@example.com
666,Jennifer Moss,joan37@example.net
667,Johnathan Cherry,martinezsarah@example.com
668,Brian Hansen,jeff37@example.net
669,Jeremy Villarreal,daniel76@example.com
670,Jamie Hopkins,garciaerik@example.net
671,Melanie Sanchez,garciaronald@example.org
672,Erika Green,rrobinson@example.net
673,Amy Levy,fsmith@example.net
674,Jennifer Cochran,vcunningham@example.net
675,Carla Ray,webernancy@example.org
676,Brenda Miller,tmyers@example.com
677,Nicholas Diaz,johnramirez@example.org
678,Bradley Farrell,jonesrebecca@example.org
679,Peter Tanner,stephenparker@example.com
680,Stephen Baker,hawkinskenneth@example.org
681,Katie Sellers,leekristen@example.org
682,John Zimmerman,nelsoncrystal@example.org
683,Alyssa Johnson,ruben51@example.org
684,Robert Thomas,sharonhenderson@example.net
685,Anthony Nichols,ihernandez@example.org
686,Devin Simmons,nancyjohnson@example.org
687,Edgar Pearson,blopez@example.com
688,Regina Barrett,hughestina@example.org
689,Stephanie Sloan,onewton@example.org
690,Erica Carlson,shawnharris@example.org
691,Jessica Lowe,jonathan97@example.org
692,Anthony Fox,santosmichael@example.com
693,Linda Frederick,melissajenkins@example.com
694,Nicole Wilson,jacobyork@example.net
695,Lisa Brown,jmueller@example.net
696,Stephanie Stevenson,fvalencia@example.org
697,Debra Joyce,cford@example.org
698,Mr. Ryan Duarte,jonesnathan@example.net
699,Phillip Garcia,ericksonclaire@example.com
700,Julie Bautista,joseph83@example.com
701,Vincent Simmons,nrodriguez@example.org
702,Andrea Johnson,wgonzalez@example.org
703,David Saunders,chadrodriguez@example.org
704,Brian Rivera,gonzalezgrace@example.net
705,James Graham,george95@example.com
706,Sheila Ellis,mcmahonchristine@example.com
707,Patricia Burke,jamie31@example.net
708,Robert Martinez,garystein@example.net
709,William Wright,jamesochoa@example.com
710,Jennifer Zamora,shannonkim@example.net
711,Steven Le,dmatthews@example.org
712,Christopher Wilson,larry46@example.net
713,Sara Thornton,wcarlson@example.net
714,Brandon Perez,sean04@example.com
715,Cynthia Scott MD,wilkinsonkathryn@example.org
716,Scott Jones,contreraswayne@example.net
717,Morgan Williams,fmyers@example.com
718,Jasmine Vasquez,megan97@example.net
719,Jennifer Powell,wyatt27@example.org
720,Joshua Owen,huertarichard@example.com
721,Harold Hartman,zmorris@example.com
722,Nicholas Black,flopez@example.org
723,Joseph Taylor,taylorlaura@example.org
724,Marvin Harmon,alyssacarlson@example.com
725,Danielle Smith,butlerbrandon@example.net
726,Joseph Phillips,triciamorgan@example.com
727,Heather Hall,vturner@example.org
728,Jacob Ingram,browncarol@example.com
729,Ashley Edwards,joshuahernandez@example.net
730,Anna Barnes,tiffany90@example.com
731,Noah Green,ndavis@example.com
732,Christina Miller,pamelalee@example.org
733,Eugene Nelson,tracymccormick@example.com
734,Dennis Graham,juanwong@example.org
735,Lauren Wilkerson,mccoykim@example.org
736,Amy Ramirez,ukelley@example.org
737,George Lee,mendozajason@example.com
738,Jennifer Brown,wellis@example.com
739,Andrew Espinoza,hamiltonsteven@example.com
740,Lawrence Santiago,aaronoliver@example.org
741,Derek Hudson,zperez@example.net
742,Stephen Gomez,wesley04@example.com
743,Stephanie Griffin,benjamindavis@example.org
744,Whitney Lutz,ccunningham@example.org
745,Samuel Green,amandaramirez@example.com
746,Donna Mueller,wpeck@example.net
747,Brandon Lewis,mckaycassidy@example.com
748,Stephanie Smith,tsmith@example.org
749,Denise Bennett,petersonsherry@example.net
750,Teresa Fitzgerald,michaellamb@example.com
751,Douglas Ellis,vwoodard@example.net
752,Nicholas Branch,hartkevin@example.com
753,Karen Miles MD,justin87@example.com
754,Amy Garcia,marksgabriel@example.com
755,Laura Morgan,yjohnson@example.net
756,Michael Austin,donnasaunders@example.net
757,Sarah Arnold,paige70@example.net
758,Anthony Maldonado,alvarezmary@example.net
759,Mr. Adrian Bishop,ggonzales@example.org
760,Donna Williamson,eric82@example.com
761,Anthony Barnes,vbrady@example.org
762,Margaret Jacobs,tracey51@example.com
763,Regina Moore,pwilson@example.org
764,Karen Gonzalez,jennifermurray@example.com
765,Alexander Houston,austinmichael@example.net
766,Carlos Powers,olivia08@example.org
767,Abigail Rice,karen20@example.com
768,Jimmy Riley,shawjacob@example.com
769,Diane Hamilton,edwin62@example.org
770,Helen Mcdonald,kennethweaver@example.com
771,Diana Mann,ashley11@example.org
772,Kathryn Edwards,jeremy58@example.org
773,Luis Steele,ocole@example.net
774,Nathan Hughes,bethmedina@example.org
775,Stephen Baker,ocooper@example.org
776,Toni Cohen,jenniferporter@example.net
777,Lisa Dawson,carolbarnett@example.org
778,Tony Kemp,mariahobbs@example.org
779,Alyssa Davis,zcole@example.org
780,Anita Nguyen,andrew25@example.net
781,Carlos Thompson,megandelgado@example.org
782,Julia Jacobs,ian25@example.com
783,Joshua Dunn,brittneylewis@example.org
784,Christopher Smith,rstewart@example.org
785,Patrick Dunn,bradfordemily@example.net
786,Jordan Kidd,lflores@example.net
787,Cory Hamilton,casey26@example.org
788,Barbara Parker,fjohnson@example.net
789,Taylor Rogers,rmartin@example.com
790,Tara Trevino,rcampos@example.com
791,Melissa Davis,jenniferjenkins@example.net
792,Joyce Watson,alexis10@example.org
793,Teresa Harper,jennifer48@example.org
794,Terrence Mckay,yrobinson@example.org
795,Cynthia Ross,hsharp@example.org
796,Jessica Newton,joseph12@example.org
797,Rodney White,jsoto@example.org
798,Mr. Shaun Taylor III,staceyjefferson@example.org
799,Alicia Martinez,sara27@example.com
800,James Villa,christineroman@example.com
801,Brian Williams,shanemccormick@example.org
802,Anna Robinson,guzmanjacob@example.net
803,Deborah Adams,fandrade@example.com
804,Judith Miller,ypeterson@example.org
805,Miss Laura West,bishopsamuel@example.com
806,Victoria Kelly,mlittle@example.org
807,Amy Jones,gross@example.org
808,Scott Rodriguez,benjamincole@example.org
809,Christopher Turner,greenangelica@example.com
810,Scott Rodriguez,ruthdavis@example.net
811,Steven Aguilar,uhernandez@example.org
812,Michael Gilbert,daisywilliams@example.com
813,Michael Henson,triciadavis@example.com
814,Jonathan Rodriguez,lisadavidson@example.org
815,Kyle Frank,alexandrafleming@example.com
816,Stephanie Bautista,kirsten43@example.com
817,Daniel Jones,xmorgan@example.org
818,Deborah Green,ryanperkins@example.org
819,Leslie Greene,wendyhayes@example.com
820,Jorge Walton,wandavaldez@example.org
821,Brendan Johnson,callen@example.org
822,Wayne Morgan,jenniferlynch@example.com
823,Brian Moon,taylorjennifer@example.org
824,David Montgomery,pgardner@example.org
825,Beth Cruz,alejandrosmith@example.org
826,Charles Cochran,rlam@example.org
827,Dr. Jason King,stanleytravis@example.com
828,Richard Avila,kathleen39@example.net
829,Kelly Ward,vochoa@example.com
830,Erika Turner PhD,livictor@example.com
831,Jose Jensen,pattonangela@example.net
832,Jeffery Serrano,glewis@example.org
833,Maria Fletcher,erichamilton@example.org
834,David Booker,bettyjames@example.com
835,Ryan Hicks,cgallagher@example.net
836,Jennifer Taylor,melendezmichael@example.net
837,Steven Casey,reedmark@example.net
838,Derek Johnson,kevinnelson@example.net
839,Scott Brown,mgarcia@example.net
840,Stephen Holden,gregorymoody@example.org
841,Desiree Gonzales,williamstodd@example.org
842,Mr. Jason Beltran,stephanie25@example.org
843,Alan Vang,kaylaclark@example.net
844,Mr. Robert Wright,halvarez@example.net
845,Sean Ryan,mark56@example.org
846,Robert Harvey,coopermelissa@example.com
847,Steven Watkins,romerocarl@example.org
848,Elizabeth Horne,clayaustin@example.org
849,Christina Hess,james73@example.org
850,Nicholas Harris,smithjennifer@example.net
851,Christina Douglas,nancyochoa@example.net
852,Christopher Harris,bpayne@example.net
853,Jonathan Cook,hwilson@example.org
854,Maria Alvarez,holmesjulie@example.com
855,Joshua Baldwin,yjordan@example.net
856,Sherry Blevins,lindseyblake@example.org
857,Kendra Johnson,kellyjones@example.org
858,Christopher Johnson,harveygregory@example.com
859,Lucas Graves,briana62@example.org
860,Richard Garrison,boonescott@example.org
861,Rachel Stanton DDS,lhall@example.com
862,Linda Arellano,calvinyoung@example.org
863,Michael Stevenson,lleblanc@example.net
864,Patricia Murphy,gregorykristina@example.net
865,Bryce Robinson,ssawyer@example.org
866,Michelle Diaz,fletcherjulie@example.org
867,Victor Lee,jrush@example.org
868,Bonnie Martin,santoschad@example.com
869,Stephanie Jackson,cperez@example.net
870,Maria Taylor,marktaylor@example.net
871,Ian Wallace,jenniferlawson@example.com
872,Mary Doyle,wellsrebecca@example.org
873,Benjamin Prince,jonathan71@example.com
874,Monica Ellis,jason03@example.net
875,Thomas Walters PhD,icollins@example.net
876,Katherine Bautista,austinmoon@example.com
877,Danny Robinson,nancymoses@example.net
878,James Hood,kcarson@example.net
879,Nicholas Murray,audreyscott@example.com
880,William Gallagher,dana27@example.com
881,Natasha Mcmillan,laurenramirez@example.net
882,Michael Clark,qroberts@example.org
883,Julie Morrison,bhawkins@example.org
884,Connor Mitchell,francisco04@example.net
885,Yvonne Tucker,jamesbrown@example.org
886,Anne Smith,ocarroll@example.org
887,Daniel Anderson,christina72@example.org
888,Caitlin Daniel MD,bpacheco@example.org
889,Andrea Allison,jared68@example.net
890,Jeffrey Benson,lawsonkyle@example.org
891,Mitchell Robinson,michelle63@example.com
892,Melinda Bauer,mariahrowe@example.net
893,Amy Bailey,lthomas@example.net
894,Gregory Jones,alyssataylor@example.com
895,Roy Harris,hollyhuang@example.net
896,Brenda Parker,rmills@example.org
897,Joshua Clayton,hduncan@example.org
898,Randall James,monica43@example.net
899,Donna Duncan,heather47@example.net
900,John Rowe,christinasmith@example.org
901,Tiffany Torres,justinaguilar@example.com
902,Jeffery Schneider,andrew96@example.org
903,Tommy Dodson,claudiamoore@example.org
904,Joshua James,osmith@example.com
905,Brenda Orozco,lucaspeter@example.com
906,James Russell,ortizjenny@example.com
907,Javier Roberts,ybonilla@example.org
908,Taylor Erickson,cfoley@example.com
909,Patrick Chambers DDS,rebeccasanders@example.net
910,Yolanda Mitchell,karensmith@example.com
911,Donald Tran,madelinewright@example.net
912,Brian Green,craig46@example.com
913,Amy Crosby,eugeneguzman@example.org
914,Steven Henderson,markmarshall@example.com
915,Vickie Ware,taylorheather@example.com
916,Jamie Adams,hooperlisa@example.net
917,Martha Walton,karahurley@example.org
918,Alexis Lynch,josedominguez@example.net
919,Kaitlyn Herrera,shansen@example.org
920,Nicole Ryan,ucameron@example.org
921,Angela Adkins,abaker@example.net
922,Stacey Olson,melinda33@example.net
923,Amanda Kerr,scotttorres@example.net
924,Kyle Johnson,iatkinson@example.com
925,Wesley Ferguson,slane@example.org
926,Alexander Jones,taylor47@example.org
927,Donald Tate,dillonwilliam@example.net
928,Jeffrey Newman,mcphersontravis@example.com
929,Shelia Wood,chrisharris@example.net
930,Brian King,joypalmer@example.org
931,Misty Jones,mariamueller@example.net
932,Amanda Padilla,murraydenise@example.org
933,Julie Hines,elizabethwilliams@example.org
934,Sandra Vargas,erikdavis@example.org
935,Darrell Oneal,tiffanyjimenez@example.com
936,Betty Thomas,xjackson@example.com
937,Gary Jimenez,mitchellnicholas@example.net
938,Bradley Weber,gary49@example.com
939,Beth Palmer,shelly14@example.net
940,Sheryl Zavala,vanessajohnston@example.net
941,Kimberly Ward,john21@example.net
942,Lindsey Sherman,thorntontimothy@example.net
943,Bonnie Martinez,rogergoodwin@example.org
944,Steven Mitchell,kennedyryan@example.com
945,Vanessa Griffin,martinmaxwell@example.org
946,Kirsten Nichols,douglas40@example.com
947,Daniel Sherman,jeremiah35@example.net
948,Jorge Ruiz,rstevens@example.net
949,Tyler Brown,tuckerteresa@example.com
950,Emma Kennedy,montgomeryjohn@example.net
951,Tamara Smith,qmartinez@example.com
952,Jaclyn Anthony,mhill@example.com
953,Jeremy Brooks,youngholly@example.net
954,Lisa Williams,huntbrianna@example.net
955,John Martinez,vdrake@example.org
956,Harry Chavez,kelsey81@example.com
957,Alison Guerra,aprilgomez@example.com
958,Paul Singh,pughjennifer@example.net
959,Robert Edwards,mark11@example.org
960,David Frye,kathryn05@example.net
961,Kevin Ross,alvarezgina@example.com
962,William Ball,ohardy@example.org
963,Karen Chandler,keithadams@example.com
964,Dale Palmer,nmills@example.net
965,Christopher Flores,wilsonwilliam@example.org
966,Deborah Wood,nicholas80@example.com
967,Judy Rodriguez,harrellpeter@example.com
968,Rachel Fuller,rturner@example.com
969,Lisa Miller,stephanieoliver@example.net
970,Kelsey Obrien,ewalker@example.org
971,Diana Gonzalez,thompsoneric@example.net
972,Ann Swanson,samanthacoffey@example.net
973,George Friedman,joelmartinez@example.com
974,Raymond Rodgers,tracie30@example.com
975,Maureen Russell,perezjessica@example.org
976,Kelly Bright,brucejohn@example.org
977,Jonathan Ortiz,lindamiller@example.net
978,Evan Riley,dudleyjames@example.org
979,Mark Doyle,davila@example.com
980,Wayne Skinner,douglas45@example.org
981,Aaron Chavez,stephanieperry@example.net
982,Justin Garcia,romeroedward@example.org
983,Roberto Gomez,fschultz@example.net
984,Jaclyn Mueller,marymoreno@example.com
985,Kristin Walker,timothy30@example.net
986,Kelly Frazier,wellsantonio@example.org
987,Michael Richardson,jordan42@example.net
988,John Kim,robertsricky@example.net
989,Andrea Harris,phillipssarah@example.org
990,Wendy Delgado,michael48@example.net
991,Bryan Hampton,jasoncurry@example.org
992,Derek Martin,frenchtimothy@example.net
993,Brent Davidson,williamsjulie@example.org
994,Jane Dudley,johnsonrobert@example.com
995,Cameron Dean,tanya76@example.org
996,Karen Ryan,vjones@example.net
997,Anthony Brown,kayla99@example.net
998,Lisa Wilson,anthonymiller@example.org
999,Ruth Vargas,lorimartinez@example.org
1000,Michelle Mcguire,susanharris@example.net
